,age,Dalc,Walc,Medu,Fedu,studytime,G3,sex_F,sex_M,romantic_no,romantic_yes
0,18,1,1,4,4,2,6,1,0,1,0
1,17,1,1,1,1,2,6,1,0,1,0
2,15,2,3,1,1,2,10,1,0,1,0
3,15,1,1,4,2,3,15,1,0,0,1
4,16,1,2,3,3,2,10,1,0,1,0
5,16,1,2,4,3,2,15,0,1,1,0
6,16,1,1,2,2,2,11,0,1,1,0
7,17,1,1,4,4,2,6,1,0,1,0
8,15,1,1,3,2,2,19,0,1,1,0
9,15,1,1,3,4,2,15,0,1,1,0
10,15,1,2,4,4,2,9,1,0,1,0
11,15,1,1,2,1,3,12,1,0,1,0
12,15,1,3,4,4,1,14,0,1,1,0
13,15,1,2,4,3,2,11,0,1,1,0
14,15,1,1,2,2,3,16,0,1,0,1
15,16,1,2,4,4,1,14,1,0,1,0
16,16,1,2,4,4,3,14,1,0,1,0
17,16,1,1,3,3,2,10,1,0,1,0
18,17,2,4,3,2,1,5,0,1,1,0
19,16,1,3,4,3,1,10,0,1,1,0
20,15,1,1,4,3,2,15,0,1,1,0
21,15,1,1,4,4,1,15,0,1,1,0
22,16,1,3,4,2,2,16,0,1,1,0
23,16,2,4,2,2,2,12,0,1,1,0
24,15,1,1,2,4,3,8,1,0,1,0
25,16,1,3,2,2,1,8,1,0,1,0
26,15,1,2,2,2,1,11,0,1,1,0
27,15,2,4,4,2,1,15,0,1,1,0
28,16,1,1,3,4,2,11,0,1,1,0
29,16,5,5,4,4,2,11,0,1,0,1
30,15,3,4,4,4,2,12,0,1,1,0
31,15,1,1,4,4,2,17,0,1,1,0
32,15,1,1,4,3,2,16,0,1,0,1
33,15,1,1,3,3,2,12,0,1,1,0
34,16,1,1,3,2,1,15,0,1,1,0
35,15,1,1,2,3,1,6,1,0,1,0
36,15,1,1,4,3,3,18,0,1,1,0
37,16,1,1,4,4,3,15,0,1,0,1
38,15,1,1,3,4,3,11,1,0,1,0
39,15,1,1,2,2,1,13,1,0,1,0
40,16,1,2,2,2,2,11,1,0,0,1
41,15,2,4,4,4,1,12,0,1,0,1
42,15,1,1,4,4,2,18,0,1,1,0
43,15,1,1,2,2,1,11,0,1,1,0
44,16,2,2,2,2,2,9,1,0,1,0
45,15,1,1,4,3,2,6,1,0,0,1
46,16,1,4,3,3,2,11,1,0,1,0
47,16,1,1,4,3,4,20,0,1,1,0
48,15,2,2,4,2,2,14,0,1,1,0
49,15,1,1,4,4,2,7,1,0,1,0
50,16,2,3,2,2,2,13,1,0,1,0
51,15,1,1,4,2,2,13,1,0,1,0
52,15,3,4,4,2,1,10,0,1,1,0
53,15,2,3,4,4,1,11,1,0,1,0
54,15,4,4,3,3,1,13,1,0,1,0
55,16,1,1,2,1,2,10,1,0,0,1
56,15,1,1,4,3,2,15,1,0,1,0
57,15,1,1,4,4,2,15,0,1,1,0
58,15,1,1,1,2,2,9,0,1,1,0
59,16,1,1,4,2,2,16,1,0,1,0
60,16,2,3,4,4,2,11,1,0,1,0
61,16,5,5,1,1,1,11,1,0,0,1
62,16,1,1,1,2,2,9,1,0,1,0
63,16,2,4,4,3,3,9,1,0,1,0
64,15,2,4,4,3,2,10,1,0,0,1
65,16,1,2,4,3,2,15,1,0,1,0
66,15,5,5,4,4,4,12,0,1,0,1
67,16,1,2,3,1,4,6,1,0,1,0
68,15,1,3,2,2,2,8,1,0,1,0
69,15,2,3,3,1,4,16,1,0,1,0
70,16,1,1,3,1,4,15,0,1,1,0
71,15,1,1,4,2,4,10,0,1,1,0
72,15,2,4,1,1,2,5,1,0,0,1
73,16,2,2,3,1,1,14,0,1,1,0
74,16,2,4,3,3,2,11,1,0,1,0
75,15,2,3,4,3,2,10,0,1,1,0
76,15,1,1,4,0,4,10,0,1,1,0
77,16,1,3,2,2,4,11,1,0,0,1
78,17,1,1,2,1,1,10,0,1,1,0
79,16,1,2,3,4,2,5,1,0,1,0
80,15,1,3,2,3,1,12,0,1,0,1
81,15,1,2,2,3,3,11,0,1,1,0
82,15,1,1,3,2,2,6,1,0,1,0
83,15,1,3,2,2,2,15,0,1,1,0
84,15,2,3,1,1,2,10,1,0,1,0
85,15,2,3,4,4,2,8,1,0,0,1
86,16,1,2,2,2,2,6,1,0,1,0
87,15,1,3,4,2,3,14,1,0,1,0
88,16,1,1,2,2,2,10,0,1,1,0
89,16,3,5,4,4,2,7,0,1,1,0
90,16,1,3,3,3,3,8,1,0,0,1
91,15,1,3,4,3,1,18,1,0,1,0
92,16,2,3,3,1,2,6,1,0,1,0
93,16,1,1,4,2,2,10,1,0,1,0
94,15,1,1,2,2,4,14,0,1,1,0
95,15,1,1,1,1,4,10,1,0,1,0
96,16,1,1,4,3,1,15,0,1,1,0
97,16,1,1,2,1,2,10,1,0,0,1
98,16,1,2,4,4,1,14,1,0,1,0
99,16,1,1,4,3,3,8,1,0,1,0
100,16,5,5,4,4,1,5,0,1,1,0
101,16,1,1,4,4,3,17,0,1,0,1
102,15,1,1,4,4,1,14,0,1,1,0
103,15,1,1,3,2,2,6,1,0,1,0
104,15,1,1,3,4,2,18,0,1,1,0
105,15,1,1,3,3,4,11,1,0,1,0
106,15,1,1,2,2,4,8,1,0,1,0
107,16,1,1,3,3,3,18,0,1,1,0
108,15,3,5,4,4,4,13,0,1,0,1
109,16,1,1,4,4,3,16,1,0,0,1
110,15,1,1,4,4,1,19,0,1,1,0
111,16,1,1,3,3,3,10,1,0,1,0
112,16,1,1,2,2,2,13,1,0,1,0
113,15,1,1,4,2,1,19,0,1,1,0
114,15,1,1,2,1,2,9,0,1,0,1
115,16,1,2,4,4,2,16,0,1,1,0
116,15,1,1,4,4,2,14,0,1,1,0
117,16,1,1,3,3,1,13,0,1,1,0
118,17,1,4,1,3,2,8,0,1,1,0
119,15,1,2,3,4,1,13,0,1,1,0
120,15,1,2,1,2,2,15,1,0,1,0
121,15,1,2,2,2,4,15,0,1,1,0
122,16,1,2,2,4,2,13,1,0,0,1
123,16,1,4,4,4,1,13,0,1,1,0
124,16,1,1,2,2,2,8,1,0,0,1
125,15,3,2,3,4,1,12,0,1,1,0
126,15,1,1,3,4,2,11,1,0,0,1
127,19,1,1,0,1,2,9,1,0,1,0
128,18,1,2,2,2,1,0,0,1,1,0
129,16,2,5,4,4,1,18,0,1,1,0
130,15,2,2,3,4,3,0,1,0,0,1
131,15,1,2,1,1,1,0,1,0,0,1
132,17,1,3,2,2,1,12,1,0,0,1
133,16,1,4,3,4,1,11,1,0,1,0
134,15,1,1,3,4,2,0,0,1,0,1
135,15,1,1,4,4,3,0,1,0,0,1
136,17,2,4,3,4,2,0,0,1,1,0
137,16,1,1,3,3,1,0,1,0,0,1
138,16,1,3,1,1,2,12,0,1,0,1
139,15,1,1,4,4,1,15,1,0,1,0
140,15,1,1,4,3,4,0,0,1,1,0
141,16,2,2,2,2,1,9,0,1,1,0
142,15,1,1,4,4,3,11,1,0,1,0
143,16,3,3,1,1,1,13,1,0,1,0
144,17,1,2,2,1,1,0,0,1,1,0
145,15,1,2,1,1,2,11,1,0,1,0
146,15,1,1,3,2,2,0,1,0,1,0
147,15,1,1,1,2,2,11,1,0,1,0
148,16,2,1,4,4,1,0,0,1,0,1
149,15,2,5,2,1,1,10,0,1,1,0
150,18,2,5,1,1,1,0,0,1,0,1
151,16,3,5,2,1,1,14,0,1,0,1
152,15,2,3,3,3,3,10,1,0,0,1
153,19,1,1,3,2,1,0,0,1,0,1
154,17,1,1,4,4,1,12,1,0,0,1
155,15,1,1,2,3,2,8,0,1,1,0
156,17,3,3,1,2,1,13,0,1,1,0
157,18,1,5,1,1,1,10,1,0,1,0
158,16,1,2,2,2,1,15,0,1,1,0
159,16,4,4,3,3,2,12,0,1,0,1
160,17,2,2,2,1,1,0,0,1,0,1
161,15,1,4,3,2,2,7,0,1,0,1
162,16,2,4,1,2,1,0,0,1,1,0
163,17,1,4,1,3,1,10,0,1,1,0
164,17,1,5,1,1,2,7,0,1,0,1
165,16,1,1,3,2,1,12,0,1,1,0
166,16,2,4,2,2,2,10,0,1,1,0
167,16,1,1,4,2,2,16,1,0,0,1
168,16,1,1,2,2,2,0,1,0,1,0
169,16,1,1,4,4,2,14,1,0,0,1
170,16,2,4,3,4,1,0,0,1,1,0
171,16,1,1,1,0,2,16,0,1,0,1
172,17,1,3,4,4,2,10,0,1,1,0
173,16,1,1,1,3,2,0,1,0,0,1
174,16,1,1,3,3,2,9,1,0,1,0
175,17,4,4,4,3,2,9,0,1,1,0
176,16,1,4,2,2,2,11,1,0,1,0
177,17,1,4,3,3,2,6,0,1,1,0
178,16,3,4,4,2,1,9,0,1,0,1
179,17,1,1,4,3,2,11,0,1,0,1
180,16,2,3,4,3,2,8,0,1,1,0
181,16,1,2,3,3,2,12,0,1,0,1
182,17,2,3,2,4,2,17,1,0,1,0
183,17,2,3,3,3,2,8,1,0,0,1
184,16,1,2,3,2,2,12,1,0,1,0
185,17,2,3,3,3,2,11,0,1,0,1
186,16,1,2,1,2,1,11,0,1,0,1
187,16,1,2,2,1,2,15,0,1,0,1
188,17,1,3,3,3,2,9,1,0,0,1
189,17,1,5,1,2,2,10,0,1,1,0
190,16,1,1,2,3,2,13,1,0,1,0
191,17,1,1,1,1,2,9,1,0,1,0
192,17,4,5,1,2,2,8,0,1,1,0
193,16,3,4,3,3,1,10,0,1,1,0
194,16,1,1,2,3,1,14,0,1,1,0
195,17,1,1,2,4,2,15,1,0,0,1
196,17,1,2,4,4,1,16,0,1,1,0
197,16,3,5,3,3,1,10,0,1,1,0
198,17,2,3,4,4,1,18,1,0,1,0
199,16,1,2,4,4,2,10,1,0,1,0
200,16,1,5,4,3,2,16,1,0,1,0
201,16,1,3,2,3,2,10,1,0,1,0
202,17,1,3,1,1,2,10,1,0,1,0
203,17,1,2,2,2,1,6,1,0,1,0
204,16,1,1,2,2,4,11,1,0,1,0
205,17,3,4,3,4,3,9,1,0,0,1
206,16,2,2,3,1,2,7,1,0,1,0
207,16,1,1,4,3,2,13,1,0,0,1
208,16,1,4,1,1,1,10,1,0,1,0
209,17,1,1,4,3,3,7,1,0,0,1
210,19,1,2,3,3,4,8,1,0,1,0
211,17,4,5,4,4,2,13,0,1,0,1
212,16,1,1,2,2,2,14,1,0,1,0
213,18,2,4,2,2,2,8,0,1,1,0
214,17,1,2,4,4,1,10,1,0,1,0
215,17,1,3,3,2,2,15,1,0,1,0
216,17,2,4,4,3,2,4,1,0,0,1
217,18,2,4,3,3,2,8,0,1,1,0
218,17,1,4,2,3,1,8,1,0,1,0
219,17,1,1,2,2,3,10,1,0,1,0
220,17,1,2,2,1,2,6,1,0,1,0
221,17,1,1,1,1,3,0,1,0,0,1
222,16,1,1,2,3,2,17,1,0,1,0
223,18,5,5,2,2,2,13,0,1,1,0
224,16,1,1,4,4,3,14,1,0,1,0
225,18,1,1,3,1,2,7,1,0,0,1
226,17,1,3,3,2,2,15,1,0,1,0
227,17,1,3,2,3,2,12,0,1,1,0
228,18,4,5,2,1,2,9,0,1,0,1
229,17,1,2,2,1,3,12,1,0,0,1
230,17,1,2,4,3,2,14,1,0,0,1
231,17,1,1,2,2,2,11,0,1,1,0
232,17,1,3,4,4,2,9,0,1,0,1
233,16,2,4,4,4,2,13,0,1,1,0
234,16,1,1,1,1,2,6,0,1,1,0
235,16,1,3,3,2,3,10,0,1,0,1
236,17,5,5,2,2,2,13,0,1,0,1
237,16,1,1,2,1,1,12,1,0,0,1
238,17,1,1,2,1,2,11,1,0,1,0
239,18,3,5,2,2,2,0,0,1,1,0
240,17,1,4,4,3,2,12,0,1,0,1
241,17,2,3,4,4,2,12,0,1,1,0
242,16,1,1,4,3,1,0,0,1,1,0
243,16,1,2,4,4,1,12,0,1,1,0
244,18,1,1,2,1,3,0,1,0,0,1
245,16,1,1,2,1,1,18,0,1,1,0
246,17,1,1,2,3,1,13,0,1,1,0
247,22,5,5,3,1,1,8,0,1,0,1
248,18,1,3,3,3,2,5,0,1,0,1
249,16,2,4,0,2,1,15,0,1,1,0
250,18,2,4,3,2,1,8,0,1,1,0
251,16,1,3,3,3,2,10,0,1,1,0
252,18,2,5,2,1,1,8,0,1,1,0
253,16,1,3,2,1,1,8,0,1,1,0
254,17,2,4,2,1,1,12,0,1,1,0
255,17,1,2,1,1,1,8,0,1,1,0
256,17,1,1,4,2,4,13,1,0,1,0
257,19,1,1,4,3,2,11,0,1,1,0
258,18,1,2,2,1,2,14,0,1,1,0
259,17,1,1,2,2,4,0,1,0,0,1
260,18,1,3,4,3,2,18,1,0,0,1
261,18,1,1,4,3,2,8,0,1,1,0
262,18,1,1,3,2,3,12,0,1,1,0
263,17,1,1,3,3,3,9,1,0,1,0
264,18,1,1,2,2,3,0,1,0,0,1
265,18,3,4,3,4,2,17,0,1,1,0
266,17,3,4,3,1,2,10,0,1,0,1
267,18,2,2,4,4,2,11,1,0,1,0
268,18,1,3,4,2,2,10,0,1,0,1
269,18,1,2,2,1,2,0,1,0,0,1
270,19,3,3,3,3,2,9,1,0,1,0
271,18,1,3,2,3,4,14,1,0,0,1
272,18,1,1,1,1,2,11,1,0,1,0
273,17,2,2,1,2,2,14,0,1,0,1
274,17,1,1,2,4,2,10,1,0,0,1
275,17,2,3,2,2,2,12,1,0,0,1
276,18,1,1,3,2,2,9,1,0,0,1
277,18,1,4,4,4,1,9,0,1,1,0
278,18,1,1,4,4,2,8,1,0,0,1
279,18,1,2,4,3,1,10,0,1,1,0
280,17,2,4,4,1,1,8,0,1,0,1
281,17,3,4,3,2,1,10,0,1,1,0
282,18,1,1,1,1,4,12,1,0,1,0
283,18,1,1,1,1,2,10,1,0,1,0
284,17,1,2,2,2,2,11,1,0,1,0
285,17,1,2,1,1,2,11,0,1,1,0
286,18,1,2,2,2,3,19,1,0,1,0
287,17,1,1,1,1,3,12,1,0,1,0
288,18,1,3,2,1,3,14,0,1,1,0
289,18,1,1,4,4,2,15,0,1,1,0
290,18,1,4,4,2,2,11,0,1,0,1
291,17,1,2,4,3,3,15,1,0,1,0
292,18,1,1,2,1,2,13,1,0,0,1
293,17,1,1,3,1,4,18,1,0,1,0
294,18,1,1,3,2,3,14,0,1,1,0
295,17,1,3,3,3,1,11,0,1,1,0
296,19,2,3,4,4,2,0,1,0,1,0
297,18,1,2,4,3,2,8,1,0,0,1
298,18,1,1,4,3,4,14,1,0,1,0
299,18,2,2,4,4,1,16,0,1,0,1
300,18,1,1,4,4,2,11,1,0,0,1
301,17,2,2,4,4,1,10,0,1,1,0
302,17,1,1,4,2,3,14,1,0,1,0
303,17,1,2,3,2,4,18,1,0,1,0
304,19,1,1,3,3,2,13,0,1,0,1
305,18,1,1,2,4,2,12,1,0,1,0
306,20,1,1,3,2,1,18,0,1,1,0
307,19,1,1,4,4,1,8,0,1,0,1
308,19,1,2,3,3,2,12,0,1,0,1
309,19,1,3,1,1,2,10,1,0,1,0
310,19,2,2,1,2,2,0,1,0,0,1
311,19,1,1,2,1,2,13,1,0,0,1
312,19,2,2,1,2,2,11,0,1,1,0
313,19,1,2,3,2,2,11,1,0,0,1
314,19,1,1,1,1,3,13,1,0,0,1
315,19,1,1,2,3,3,11,1,0,0,1
316,18,1,2,2,1,2,0,1,0,1,0
317,18,1,1,4,3,3,9,1,0,0,1
318,17,2,5,3,4,3,10,1,0,1,0
319,18,3,3,4,4,2,11,1,0,1,0
320,17,1,2,4,3,2,13,1,0,0,1
321,17,1,1,2,2,2,9,1,0,0,1
322,17,2,2,2,2,3,11,1,0,1,0
323,17,2,3,3,1,3,15,1,0,1,0
324,17,2,3,0,2,3,15,1,0,1,0
325,18,2,2,4,4,3,11,0,1,1,0
326,17,3,5,3,3,1,16,0,1,1,0
327,17,5,5,2,2,1,10,0,1,1,0
328,17,1,3,4,4,3,9,1,0,1,0
329,17,1,2,4,4,3,14,1,0,0,1
330,18,2,4,2,2,4,8,0,1,1,0
331,17,1,1,2,4,3,14,1,0,0,1
332,18,1,1,3,3,2,0,1,0,1,0
333,18,1,1,2,2,2,0,1,0,0,1
334,18,1,1,2,2,4,0,1,0,1,0
335,17,1,3,3,4,3,15,1,0,1,0
336,19,1,2,3,1,3,13,1,0,1,0
337,17,2,3,3,2,2,0,1,0,0,1
338,18,1,1,3,3,4,17,1,0,1,0
339,17,2,3,3,2,2,10,1,0,1,0
340,19,1,3,2,1,3,11,1,0,0,1
341,18,2,2,4,4,2,0,0,1,1,0
342,18,1,3,3,4,2,15,0,1,0,1
343,17,1,2,2,2,2,0,1,0,0,1
344,18,1,2,2,3,3,10,1,0,1,0
345,18,2,3,3,2,3,14,1,0,0,1
346,18,1,2,4,3,3,16,0,1,0,1
347,18,2,3,4,3,3,9,0,1,0,1
348,17,1,3,4,3,3,15,1,0,0,1
349,18,5,5,3,2,1,13,0,1,1,0
350,19,3,3,1,1,2,8,0,1,1,0
351,17,2,3,3,3,2,13,0,1,1,0
352,18,2,3,1,3,1,8,0,1,0,1
353,19,3,3,1,1,1,8,0,1,1,0
354,17,1,3,4,3,2,11,0,1,0,1
355,18,1,1,3,3,2,9,1,0,0,1
356,17,1,2,4,4,2,13,1,0,1,0
357,17,1,2,3,2,2,11,1,0,0,1
358,18,1,2,1,1,1,10,0,1,0,1
359,18,1,1,1,1,3,16,1,0,1,0
360,18,1,4,1,4,2,13,1,0,0,1
361,18,2,3,1,1,2,12,0,1,1,0
362,18,1,3,3,3,2,10,1,0,0,1
363,17,1,1,4,4,2,15,1,0,0,1
364,17,1,2,1,2,2,12,1,0,1,0
365,18,2,4,1,3,2,10,0,1,1,0
366,18,2,2,4,4,3,13,0,1,0,1
367,17,1,2,1,1,1,0,1,0,0,1
368,18,1,2,2,3,1,10,1,0,0,1
369,18,4,2,4,4,2,11,1,0,0,1
370,19,1,1,3,2,2,9,1,0,0,1
371,18,2,3,1,2,1,12,0,1,0,1
372,17,1,1,2,2,3,11,1,0,0,1
373,17,1,3,1,2,1,5,1,0,1,0
374,18,1,1,4,4,3,19,1,0,1,0
375,18,1,2,1,1,3,10,1,0,1,0
376,20,1,1,4,2,3,15,1,0,0,1
377,18,3,4,4,4,2,10,1,0,1,0
378,18,1,2,3,3,2,15,1,0,0,1
379,17,2,3,3,1,2,10,1,0,1,0
380,18,1,4,4,4,2,14,0,1,1,0
381,18,1,3,2,1,1,7,0,1,0,1
382,17,1,1,2,3,2,10,0,1,1,0
383,19,1,3,1,1,1,0,0,1,1,0
384,18,4,3,4,2,1,5,0,1,1,0
385,18,1,3,2,2,3,10,1,0,1,0
386,18,2,2,4,4,1,6,1,0,0,1
387,19,1,2,2,3,3,0,1,0,1,0
388,18,1,1,3,1,2,8,1,0,1,0
389,18,1,1,1,1,2,0,1,0,1,0
390,20,4,5,2,2,2,9,0,1,1,0
391,17,3,4,3,1,1,16,0,1,1,0
392,21,3,3,1,1,1,7,0,1,1,0
393,18,3,4,3,2,1,10,0,1,1,0
394,19,3,3,1,1,1,9,0,1,1,0
395,18,1,1,4,4,2,11,1,0,1,0
396,17,1,1,1,1,2,11,1,0,1,0
397,15,2,3,1,1,2,12,1,0,1,0
398,15,1,1,4,2,3,14,1,0,0,1
399,16,1,2,3,3,2,13,1,0,1,0
400,16,1,2,4,3,2,13,0,1,1,0
401,16,1,1,2,2,2,13,0,1,1,0
402,17,1,1,4,4,2,13,1,0,1,0
403,15,1,1,3,2,2,17,0,1,1,0
404,15,1,1,3,4,2,13,0,1,1,0
405,15,1,2,4,4,2,14,1,0,1,0
406,15,1,1,2,1,3,13,1,0,1,0
407,15,1,3,4,4,1,12,0,1,1,0
408,15,1,2,4,3,2,13,0,1,1,0
409,15,1,1,2,2,3,15,0,1,0,1
410,16,1,2,4,4,1,17,1,0,1,0
411,16,1,2,4,4,3,14,1,0,1,0
412,16,1,1,3,3,2,14,1,0,1,0
413,17,2,4,3,2,1,7,0,1,1,0
414,16,1,3,4,3,1,12,0,1,1,0
415,15,1,1,4,3,2,14,0,1,1,0
416,15,1,1,4,4,1,12,0,1,1,0
417,16,1,3,4,2,2,14,0,1,1,0
418,16,2,4,2,2,2,10,0,1,1,0
419,15,1,1,2,4,3,10,1,0,1,0
420,16,1,3,2,2,1,12,1,0,1,0
421,15,1,2,2,2,1,12,0,1,1,0
422,15,2,4,4,2,1,11,0,1,1,0
423,16,1,1,3,4,2,13,0,1,1,0
424,16,5,5,4,4,2,12,0,1,0,1
425,15,3,4,4,4,2,11,0,1,1,0
426,15,1,1,4,4,2,15,0,1,1,0
427,15,1,1,4,3,2,15,0,1,0,1
428,15,1,1,3,3,2,12,0,1,1,0
429,16,1,1,3,2,1,12,0,1,1,0
430,15,1,1,2,3,1,11,1,0,1,0
431,15,1,1,4,3,3,14,0,1,1,0
432,16,1,1,4,4,3,13,0,1,0,1
433,15,1,1,3,4,3,12,1,0,1,0
434,15,1,1,2,2,1,12,1,0,1,0
435,16,1,2,2,2,2,10,1,0,0,1
436,15,2,4,4,4,1,11,0,1,0,1
437,15,1,1,4,4,2,15,0,1,1,0
438,15,1,1,2,2,1,10,0,1,1,0
439,16,2,2,2,2,2,11,1,0,1,0
440,15,1,1,4,3,2,11,1,0,0,1
441,16,1,4,3,3,2,13,1,0,1,0
442,16,1,1,4,3,4,17,0,1,1,0
443,15,2,2,4,2,2,13,0,1,1,0
444,15,1,1,4,4,2,12,1,0,1,0
445,16,2,3,2,2,2,13,1,0,1,0
446,15,1,1,4,2,2,16,1,0,1,0
447,15,3,4,4,2,1,9,0,1,1,0
448,15,2,3,4,4,1,12,1,0,1,0
449,15,4,4,3,3,1,13,1,0,1,0
450,16,1,1,2,1,2,12,1,0,0,1
451,15,1,1,4,3,2,15,1,0,1,0
452,15,1,1,4,4,2,16,0,1,1,0
453,15,1,1,1,2,2,14,0,1,1,0
454,16,1,1,4,2,2,16,1,0,1,0
455,16,2,3,4,4,2,16,1,0,1,0
456,16,5,5,1,1,1,16,1,0,0,1
457,16,1,1,1,2,2,10,1,0,1,0
458,16,2,4,4,3,3,13,1,0,1,0
459,15,2,4,4,3,2,12,1,0,0,1
460,16,1,2,4,3,2,16,1,0,1,0
461,15,5,5,4,4,4,12,0,1,0,1
462,16,1,2,3,1,4,10,1,0,1,0
463,15,1,3,2,2,2,11,1,0,1,0
464,15,2,3,3,1,4,15,1,0,1,0
465,16,1,1,3,1,4,11,0,1,1,0
466,15,1,1,4,2,4,10,0,1,1,0
467,15,2,4,1,1,2,11,1,0,0,1
468,16,2,2,3,1,1,14,0,1,1,0
469,16,2,4,3,3,2,11,1,0,1,0
470,15,2,3,4,3,2,11,0,1,1,0
471,15,1,1,4,0,4,11,0,1,1,0
472,16,1,3,2,2,4,13,1,0,0,1
473,17,1,1,2,1,1,10,0,1,1,0
474,16,1,2,3,4,2,11,1,0,1,0
475,15,1,3,2,3,1,12,0,1,0,1
476,15,1,2,2,3,3,9,0,1,1,0
477,15,1,1,3,2,2,11,1,0,1,0
478,15,1,3,2,2,2,13,0,1,1,0
479,15,2,3,1,1,2,12,1,0,1,0
480,15,2,3,4,4,2,12,1,0,0,1
481,16,1,2,2,2,2,11,1,0,1,0
482,15,1,3,4,2,3,15,1,0,1,0
483,16,1,1,2,2,2,11,0,1,1,0
484,16,3,5,4,4,2,10,0,1,1,0
485,16,1,3,3,3,3,11,1,0,0,1
486,15,1,3,4,3,1,13,1,0,1,0
487,16,2,3,3,1,2,12,1,0,1,0
488,16,1,1,4,2,2,14,1,0,1,0
489,15,1,1,2,2,4,12,0,1,1,0
490,15,1,1,1,1,4,13,1,0,1,0
491,16,1,1,4,3,1,11,0,1,1,0
492,16,1,1,2,1,2,12,1,0,0,1
493,16,1,2,4,4,1,13,1,0,1,0
494,16,1,1,4,3,3,13,1,0,1,0
495,16,5,5,4,4,1,8,0,1,1,0
496,16,1,1,4,4,3,16,0,1,0,1
497,15,1,1,4,4,1,12,0,1,1,0
498,15,1,1,3,2,2,10,1,0,1,0
499,15,1,1,3,4,2,16,0,1,1,0
500,15,1,1,3,3,4,10,1,0,1,0
501,15,1,1,2,2,4,10,1,0,1,0
502,16,1,1,3,3,3,14,0,1,1,0
503,15,3,5,4,4,4,11,0,1,0,1
504,16,1,1,4,4,3,14,1,0,0,1
505,15,1,1,4,4,1,14,0,1,1,0
506,16,1,1,3,3,3,11,1,0,1,0
507,16,1,1,2,2,2,10,1,0,1,0
508,15,1,1,4,2,1,18,0,1,1,0
509,15,1,1,2,1,2,10,0,1,0,1
510,16,1,2,4,4,2,14,0,1,1,0
511,15,1,1,4,4,2,16,0,1,1,0
512,16,1,1,3,3,1,15,0,1,1,0
513,17,1,4,1,3,2,11,0,1,1,0
514,15,1,2,3,4,1,14,0,1,1,0
515,15,1,2,1,2,2,14,1,0,1,0
516,15,1,2,2,2,4,13,0,1,1,0
517,16,1,2,2,4,2,13,1,0,0,1
518,16,1,4,4,4,1,13,0,1,1,0
519,16,1,1,2,2,2,11,1,0,0,1
520,15,3,2,3,4,1,9,0,1,1,0
521,15,1,1,3,4,2,11,1,0,0,1
522,19,1,1,0,1,2,11,1,0,1,0
523,16,2,5,4,4,1,15,0,1,1,0
524,16,2,2,2,3,3,13,0,1,0,1
525,15,2,2,3,4,3,12,1,0,0,1
526,18,1,3,2,1,2,8,1,0,0,1
527,17,1,2,2,1,1,11,1,0,1,0
528,15,1,2,1,1,1,13,1,0,0,1
529,17,1,3,2,2,1,12,1,0,0,1
530,16,1,4,3,4,1,14,1,0,1,0
531,16,1,1,2,1,1,11,0,1,1,0
532,16,1,1,2,2,1,11,1,0,1,0
533,15,1,1,3,4,2,11,0,1,0,1
534,15,1,1,4,4,3,15,1,0,0,1
535,17,2,4,3,4,2,10,0,1,1,0
536,16,1,1,1,1,2,13,1,0,1,0
537,18,4,5,3,1,1,12,0,1,0,1
538,18,5,1,3,2,3,11,1,0,0,1
539,16,1,2,1,1,1,11,1,0,0,1
540,16,1,1,3,3,1,10,1,0,0,1
541,16,1,3,1,1,2,10,0,1,0,1
542,15,1,1,4,4,1,14,1,0,1,0
543,15,1,1,1,1,1,9,1,0,0,1
544,15,1,1,4,3,4,11,0,1,1,0
545,15,2,3,3,3,2,9,1,0,0,1
546,16,1,3,4,4,3,13,0,1,1,0
547,16,2,2,2,2,1,11,0,1,1,0
548,15,1,1,4,4,3,13,1,0,1,0
549,16,3,3,1,1,1,11,1,0,1,0
550,17,1,2,2,1,1,6,0,1,1,0
551,15,1,2,1,1,2,12,1,0,1,0
552,15,1,1,2,1,1,10,1,0,0,1
553,15,1,1,3,2,2,11,1,0,1,0
554,15,1,1,1,2,2,13,1,0,1,0
555,15,2,4,1,2,2,11,1,0,0,1
556,16,2,1,4,4,1,8,0,1,0,1
557,15,2,5,2,1,1,11,0,1,1,0
558,18,2,5,1,1,1,0,0,1,0,1
559,16,3,5,2,1,1,10,0,1,0,1
560,15,2,3,3,3,3,13,1,0,0,1
561,19,1,1,3,2,1,11,0,1,0,1
562,17,1,1,4,4,1,13,1,0,0,1
563,15,1,1,2,3,2,8,0,1,1,0
564,17,3,3,1,2,1,10,0,1,1,0
565,18,1,5,1,1,1,11,1,0,1,0
566,16,1,2,2,2,1,11,0,1,1,0
567,16,4,4,3,3,2,1,0,1,0,1
568,16,3,5,1,2,1,10,0,1,1,0
569,17,2,2,2,1,1,9,0,1,0,1
570,17,1,4,3,2,2,8,0,1,0,1
571,15,2,4,1,2,1,10,0,1,1,0
572,16,1,4,1,3,1,8,0,1,1,0
573,17,1,5,1,1,2,8,0,1,0,1
574,17,1,1,3,2,1,8,0,1,1,0
575,16,2,4,2,2,2,11,0,1,1,0
576,16,1,1,4,2,2,18,1,0,0,1
577,16,1,1,2,2,2,13,1,0,1,0
578,16,1,1,4,4,2,17,1,0,0,1
579,16,2,4,3,4,1,10,0,1,1,0
580,16,1,1,1,0,2,18,0,1,0,1
581,17,1,3,4,4,2,10,0,1,1,0
582,16,1,1,1,3,2,13,1,0,0,1
583,16,1,1,3,3,2,15,1,0,1,0
584,17,4,4,4,3,2,11,0,1,1,0
585,16,1,4,2,2,2,14,1,0,1,0
586,17,1,4,3,3,2,10,0,1,1,0
587,16,3,4,4,2,1,11,0,1,0,1
588,17,1,1,4,3,2,13,0,1,0,1
589,16,2,3,4,3,2,11,0,1,1,0
590,16,1,2,3,3,2,13,0,1,0,1
591,17,2,3,2,4,2,17,1,0,1,0
592,17,2,3,3,3,2,14,1,0,0,1
593,16,1,2,3,2,2,16,1,0,1,0
594,17,2,3,3,3,2,14,0,1,0,1
595,16,1,2,1,2,1,11,0,1,0,1
596,16,1,2,2,1,2,16,0,1,0,1
597,17,1,3,3,3,2,14,1,0,0,1
598,17,1,5,1,2,2,10,0,1,1,0
599,16,1,1,2,3,2,13,1,0,1,0
600,17,1,1,1,1,2,12,1,0,1,0
601,17,4,5,1,2,2,12,0,1,1,0
602,16,3,4,3,3,1,10,0,1,1,0
603,16,1,1,2,3,1,12,0,1,1,0
604,17,1,1,2,4,2,16,1,0,0,1
605,17,1,2,4,4,1,14,0,1,1,0
606,16,3,5,3,3,1,12,0,1,1,0
607,17,2,3,4,4,1,16,1,0,1,0
608,16,1,2,4,4,2,11,1,0,1,0
609,16,1,5,4,3,2,15,1,0,1,0
610,16,1,3,2,3,2,12,1,0,1,0
611,17,1,3,1,1,2,15,1,0,1,0
612,17,1,2,2,2,1,13,1,0,1,0
613,16,1,1,2,2,4,13,1,0,1,0
614,17,3,4,3,4,3,8,1,0,0,1
615,16,2,2,3,1,2,12,1,0,1,0
616,16,1,1,4,3,2,15,1,0,0,1
617,16,1,4,1,1,1,13,1,0,1,0
618,17,1,1,4,3,3,12,1,0,0,1
619,19,1,2,3,3,4,12,1,0,1,0
620,17,4,5,4,4,2,12,0,1,0,1
621,16,1,1,2,2,2,13,1,0,1,0
622,18,2,4,2,2,2,11,0,1,1,0
623,17,1,2,4,4,1,11,1,0,1,0
624,17,1,3,3,2,2,15,1,0,1,0
625,17,2,4,4,3,2,10,1,0,0,1
626,18,2,4,3,3,2,10,0,1,1,0
627,17,1,4,2,3,1,13,1,0,1,0
628,17,1,1,2,2,3,13,1,0,1,0
629,17,1,2,2,1,2,11,1,0,1,0
630,17,1,1,1,1,3,12,1,0,0,1
631,16,1,1,2,3,2,14,1,0,1,0
632,18,5,5,2,2,2,10,0,1,1,0
633,16,1,1,4,4,3,16,1,0,1,0
634,18,1,1,3,1,2,8,1,0,0,1
635,17,1,3,3,2,2,17,1,0,1,0
636,17,1,3,2,3,2,11,0,1,1,0
637,18,4,5,2,1,2,11,0,1,0,1
638,17,1,2,2,1,3,16,1,0,0,1
639,17,1,2,4,3,2,12,1,0,0,1
640,17,1,1,2,2,2,13,0,1,1,0
641,17,1,3,4,4,2,13,0,1,0,1
642,16,2,4,4,4,2,14,0,1,1,0
643,16,1,1,1,1,2,9,0,1,1,0
644,16,1,3,3,2,3,12,0,1,0,1
645,17,5,5,2,2,2,16,0,1,0,1
646,16,1,1,2,1,1,10,1,0,0,1
647,16,1,2,4,1,2,13,1,0,0,1
648,18,1,1,2,4,2,10,1,0,1,0
649,18,1,1,2,2,2,10,1,0,0,1
650,18,1,1,3,3,1,7,1,0,1,0
651,18,2,2,2,2,1,8,0,1,0,1
652,17,1,2,4,4,1,9,0,1,1,0
653,17,1,1,3,2,2,15,1,0,1,0
654,17,1,2,1,1,3,10,1,0,0,1
655,16,1,2,1,2,1,11,1,0,1,0
656,17,1,1,2,1,2,13,1,0,1,0
657,17,1,1,1,4,1,8,1,0,1,0
658,18,3,5,2,2,2,8,0,1,1,0
659,17,1,1,2,2,1,10,1,0,1,0
660,17,1,3,1,1,3,15,1,0,1,0
661,17,1,1,4,2,2,14,1,0,1,0
662,17,1,4,4,3,2,15,0,1,0,1
663,17,2,3,4,4,2,12,0,1,1,0
664,16,1,1,4,3,1,15,0,1,1,0
665,16,1,2,4,4,1,15,0,1,1,0
666,17,1,4,4,4,2,12,1,0,0,1
667,17,1,1,1,1,3,15,0,1,0,1
668,17,2,3,3,3,3,11,1,0,0,1
669,17,1,1,1,1,2,10,1,0,0,1
670,18,1,1,2,1,3,11,1,0,0,1
671,16,1,1,2,1,1,16,0,1,1,0
672,17,1,2,1,1,2,11,1,0,1,0
673,17,1,1,2,3,1,13,0,1,1,0
674,22,5,5,3,1,1,5,0,1,0,1
675,18,1,3,3,3,2,10,0,1,0,1
676,16,2,4,0,2,1,11,0,1,1,0
677,18,2,4,3,2,1,7,0,1,1,0
678,16,1,3,3,3,2,10,0,1,1,0
679,18,2,5,2,1,1,6,0,1,1,0
680,16,1,3,2,1,1,12,0,1,1,0
681,17,2,4,2,1,1,13,0,1,1,0
682,17,1,2,1,1,1,10,0,1,1,0
683,18,1,3,2,1,2,13,1,0,0,1
684,17,1,1,4,2,4,17,1,0,1,0
685,19,1,1,2,2,2,11,1,0,1,0
686,18,4,4,2,1,2,11,0,1,1,0
687,17,1,3,4,2,3,14,1,0,1,0
688,18,2,3,1,1,3,14,1,0,1,0
689,18,1,1,2,2,2,13,1,0,1,0
690,19,1,1,4,3,2,14,0,1,1,0
691,18,1,2,2,1,2,16,0,1,1,0
692,17,1,1,2,2,1,10,0,1,1,0
693,17,1,1,2,2,4,12,1,0,0,1
694,20,1,2,2,1,2,12,1,0,0,1
695,18,1,3,4,3,2,15,1,0,0,1
696,18,1,1,4,3,2,11,0,1,1,0
697,18,1,1,3,2,3,12,0,1,1,0
698,17,1,1,3,3,3,13,1,0,1,0
699,18,1,1,2,2,3,13,1,0,0,1
700,17,2,3,2,2,1,9,0,1,1,0
701,18,3,4,3,4,2,16,0,1,1,0
702,17,3,4,3,1,2,14,0,1,0,1
703,18,2,2,4,4,2,12,1,0,1,0
704,18,1,3,4,2,2,14,0,1,0,1
705,18,1,2,2,1,2,10,1,0,0,1
706,19,3,3,3,3,2,12,1,0,1,0
707,18,1,3,2,3,4,16,1,0,0,1
708,18,1,1,1,1,2,13,1,0,1,0
709,17,2,2,1,2,2,18,0,1,0,1
710,18,1,2,2,1,2,15,1,0,0,1
711,17,1,1,2,4,2,16,1,0,0,1
712,17,2,3,2,2,2,12,1,0,0,1
713,18,1,1,3,2,2,10,1,0,0,1
714,18,1,4,4,4,1,12,0,1,1,0
715,18,1,1,4,4,2,13,1,0,0,1
716,17,1,1,2,2,3,15,1,0,0,1
717,19,4,3,3,2,2,10,1,0,1,0
718,18,1,2,4,3,1,10,0,1,1,0
719,18,2,4,1,2,1,11,0,1,1,0
720,17,2,4,4,1,1,10,0,1,0,1
721,17,3,4,3,2,1,13,0,1,1,0
722,18,1,1,1,1,4,18,1,0,1,0
723,18,1,1,1,1,2,13,1,0,1,0
724,17,1,2,2,2,2,14,1,0,1,0
725,18,1,1,2,1,2,14,1,0,0,1
726,17,1,2,1,1,2,12,0,1,1,0
727,18,1,2,2,2,3,18,1,0,1,0
728,17,1,1,1,1,3,14,1,0,1,0
729,18,1,3,2,1,3,15,0,1,1,0
730,18,1,1,4,4,2,17,0,1,1,0
731,18,1,4,4,2,2,16,0,1,0,1
732,17,1,2,4,3,3,18,1,0,1,0
733,17,1,1,3,1,4,19,1,0,1,0
734,18,1,1,3,2,3,15,0,1,1,0
735,17,1,3,3,3,1,15,0,1,1,0
736,19,2,3,4,4,2,13,1,0,1,0
737,18,1,2,4,3,2,14,1,0,0,1
738,18,1,1,4,3,4,17,1,0,1,0
739,18,2,2,4,4,1,17,0,1,0,1
740,18,1,1,4,4,2,15,1,0,0,1
741,17,2,2,4,4,1,13,0,1,1,0
742,17,1,1,4,4,3,8,1,0,1,0
743,17,1,1,4,2,3,16,1,0,1,0
744,17,1,2,3,2,4,18,1,0,1,0
745,19,1,1,2,1,3,11,0,1,0,1
746,20,1,1,3,2,1,15,0,1,1,0
747,19,1,2,3,3,2,11,0,1,0,1
748,18,1,2,1,4,2,11,1,0,0,1
749,18,1,2,2,1,2,15,1,0,1,0
750,17,1,1,2,3,2,14,1,0,0,1
751,17,1,1,4,4,1,17,1,0,1,0
752,18,1,1,4,3,3,17,1,0,0,1
753,18,1,4,4,3,1,15,1,0,1,0
754,17,2,5,3,4,3,17,1,0,1,0
755,18,1,1,3,3,2,14,1,0,1,0
756,19,1,1,4,2,2,10,0,1,0,1
757,18,3,3,4,4,2,13,1,0,1,0
758,18,1,1,3,4,1,14,1,0,0,1
759,17,1,2,4,4,1,17,1,0,1,0
760,17,1,2,4,3,2,17,1,0,0,1
761,17,1,1,3,3,2,13,1,0,1,0
762,17,2,2,2,1,2,14,1,0,1,0
763,18,3,4,4,4,1,11,0,1,1,0
764,19,4,3,1,1,3,11,1,0,0,1
765,19,1,1,1,1,2,9,1,0,0,1
766,18,2,4,2,2,1,10,1,0,0,1
767,17,1,1,2,2,2,13,1,0,0,1
768,17,2,2,2,2,3,10,1,0,1,0
769,17,2,3,3,1,3,17,1,0,1,0
770,17,2,3,0,2,3,15,1,0,1,0
771,18,1,2,1,1,3,14,1,0,1,0
772,18,2,2,4,4,3,13,0,1,1,0
773,17,3,5,3,3,1,17,0,1,1,0
774,17,5,5,2,2,1,10,0,1,1,0
775,17,1,3,4,4,3,13,1,0,1,0
776,17,1,2,4,4,3,15,1,0,0,1
777,17,2,5,3,3,1,11,1,0,1,0
778,18,2,4,2,2,4,12,0,1,1,0
779,19,2,2,3,2,1,10,0,1,0,1
780,18,1,1,2,2,2,10,1,0,0,1
781,17,1,1,2,4,3,15,1,0,0,1
782,18,1,2,2,2,1,15,0,1,1,0
783,18,1,1,3,3,2,12,1,0,1,0
784,18,1,1,2,2,2,12,1,0,0,1
785,18,1,1,2,2,4,14,1,0,1,0
786,17,1,3,3,4,3,14,1,0,1,0
787,17,2,3,3,2,2,15,1,0,0,1
788,18,1,1,3,3,4,15,1,0,1,0
789,17,2,3,3,2,2,16,1,0,1,0
790,18,2,2,4,4,2,13,0,1,1,0
791,18,1,3,3,4,2,17,0,1,0,1
792,17,1,2,2,2,2,14,1,0,0,1
793,18,1,2,2,3,3,14,1,0,1,0
794,18,2,3,3,2,3,17,1,0,0,1
795,18,1,2,4,3,3,17,0,1,0,1
796,18,2,3,4,3,3,14,0,1,0,1
797,17,1,3,4,3,3,13,1,0,0,1
798,17,2,2,2,1,2,15,1,0,0,1
799,17,2,4,2,1,2,16,1,0,1,0
800,19,3,4,2,3,1,11,1,0,1,0
801,17,1,1,3,1,1,13,1,0,0,1
802,21,1,1,4,4,3,12,1,0,1,0
803,18,1,3,2,2,2,12,0,1,1,0
804,18,1,4,3,4,2,15,0,1,0,1
805,17,1,3,2,2,2,17,1,0,1,0
806,17,1,2,4,4,3,15,0,1,1,0
807,18,1,1,4,2,2,17,1,0,1,0
808,21,5,2,1,1,2,10,0,1,0,1
809,20,1,3,1,1,3,15,1,0,0,1
810,19,4,4,4,4,1,11,1,0,0,1
811,17,1,2,3,2,2,18,0,1,1,0
812,18,1,2,3,2,3,17,1,0,0,1
813,18,4,5,2,3,1,14,0,1,1,0
814,19,1,4,2,1,1,11,0,1,1,0
815,18,1,3,2,2,2,17,1,0,1,0
816,20,1,1,1,0,1,10,1,0,0,1
817,18,1,2,3,2,2,13,1,0,0,1
818,16,1,3,1,3,1,11,1,0,0,1
819,16,1,1,2,2,2,12,1,0,1,0
820,15,1,1,1,1,1,10,1,0,0,1
821,15,2,3,3,3,1,11,1,0,1,0
822,16,1,2,2,3,2,17,1,0,1,0
823,15,1,1,2,1,1,9,1,0,1,0
824,16,1,3,4,4,2,11,0,1,1,0
825,16,1,1,1,2,3,11,0,1,1,0
826,17,1,2,3,2,2,10,1,0,0,1
827,17,2,2,1,1,1,7,1,0,1,0
828,15,3,5,4,4,1,14,1,0,0,1
829,16,1,1,2,2,4,11,1,0,0,1
830,15,1,2,1,1,2,10,1,0,1,0
831,15,1,2,1,1,1,8,1,0,0,1
832,16,1,2,0,2,1,12,1,0,1,0
833,17,1,3,2,3,1,12,1,0,1,0
834,15,1,1,3,3,1,16,1,0,1,0
835,16,4,5,1,1,2,0,0,1,0,1
836,17,2,4,1,1,2,9,0,1,1,0
837,15,1,2,4,1,2,14,0,1,1,0
838,15,1,2,4,1,2,8,0,1,1,0
839,16,1,2,3,4,2,11,0,1,1,0
840,15,2,4,1,1,2,9,0,1,0,1
841,15,1,1,3,3,2,11,0,1,1,0
842,17,5,5,2,1,1,9,0,1,0,1
843,16,1,1,4,4,3,17,1,0,0,1
844,15,1,1,1,2,1,13,1,0,1,0
845,16,1,2,2,3,2,15,1,0,1,0
846,16,1,1,1,2,2,11,0,1,1,0
847,16,1,1,2,2,2,11,1,0,1,0
848,16,1,2,1,2,3,8,1,0,1,0
849,16,1,2,1,2,3,8,1,0,1,0
850,15,3,3,2,1,2,9,1,0,1,0
851,16,2,1,1,1,2,15,1,0,0,1
852,17,5,5,1,2,1,11,0,1,1,0
853,16,1,1,1,1,4,13,1,0,1,0
854,16,1,1,1,1,3,10,1,0,1,0
855,15,1,1,1,1,2,11,1,0,1,0
856,16,4,3,1,1,1,14,1,0,0,1
857,15,1,2,1,1,2,14,1,0,1,0
858,15,2,2,2,2,3,12,1,0,1,0
859,16,3,4,1,1,1,11,0,1,1,0
860,18,2,3,1,2,2,8,1,0,0,1
861,15,1,3,3,1,1,11,0,1,1,0
862,16,1,1,2,2,2,14,1,0,1,0
863,15,1,2,2,2,1,13,0,1,1,0
864,16,1,1,4,4,2,13,0,1,0,1
865,15,1,1,3,3,2,12,1,0,0,1
866,16,2,3,2,2,2,12,1,0,1,0
867,16,1,1,2,2,1,16,1,0,0,1
868,16,2,3,2,1,1,10,0,1,1,0
869,15,3,5,1,3,1,11,0,1,1,0
870,15,1,1,2,2,3,14,1,0,1,0
871,16,1,1,2,1,1,8,1,0,0,1
872,15,2,4,3,3,1,11,0,1,1,0
873,16,1,1,1,1,2,8,1,0,1,0
874,17,1,1,2,2,1,10,1,0,1,0
875,19,1,1,2,3,1,10,1,0,0,1
876,17,1,1,2,1,1,11,1,0,0,1
877,15,1,3,1,1,1,9,1,0,0,1
878,16,1,2,2,2,2,11,1,0,1,0
879,16,1,2,2,2,1,8,1,0,1,0
880,17,1,2,2,2,2,11,1,0,1,0
881,16,1,4,2,2,1,10,1,0,1,0
882,18,1,1,3,2,3,10,1,0,0,1
883,19,1,1,1,1,3,9,1,0,0,1
884,18,3,4,1,1,1,10,0,1,1,0
885,18,1,1,1,1,1,10,1,0,0,1
886,19,4,1,1,1,2,9,1,0,0,1
887,16,1,1,2,2,2,10,1,0,0,1
888,17,3,5,0,1,1,10,1,0,1,0
889,16,1,3,1,2,2,9,1,0,1,0
890,16,1,1,3,3,1,13,1,0,0,1
891,16,2,2,1,1,1,14,1,0,0,1
892,17,3,4,3,3,4,10,0,1,1,0
893,16,1,1,2,1,2,14,1,0,1,0
894,16,1,2,2,2,1,16,1,0,0,1
895,17,5,5,1,2,1,7,0,1,0,1
896,16,1,5,4,3,1,13,0,1,1,0
897,17,3,5,2,2,4,9,0,1,1,0
898,16,1,1,1,1,4,14,1,0,1,0
899,19,1,1,2,2,3,13,1,0,0,1
900,17,1,2,1,1,1,11,1,0,0,1
901,20,2,4,3,3,2,10,1,0,0,1
902,17,1,1,1,1,3,10,1,0,0,1
903,17,1,2,2,2,1,9,0,1,1,0
904,16,1,1,1,1,2,18,1,0,1,0
905,17,1,1,2,2,2,17,1,0,1,0
906,17,1,1,1,0,2,10,1,0,0,1
907,18,1,1,1,1,2,7,1,0,0,1
908,16,1,3,3,1,1,8,1,0,1,0
909,16,1,4,3,2,1,7,1,0,1,0
910,18,1,4,1,1,2,10,1,0,1,0
911,16,2,3,4,4,2,16,1,0,0,1
912,16,1,4,1,2,1,15,1,0,1,0
913,18,1,3,2,4,2,8,1,0,1,0
914,16,1,1,2,1,2,0,0,1,1,0
915,16,1,3,1,1,2,8,1,0,1,0
916,16,1,1,2,3,2,10,1,0,1,0
917,16,1,2,4,4,2,8,1,0,0,1
918,18,5,5,4,4,4,6,0,1,0,1
919,16,1,1,3,4,2,8,1,0,1,0
920,17,1,2,4,4,3,16,0,1,1,0
921,17,1,2,4,1,1,14,1,0,0,1
922,16,2,2,2,2,3,10,0,1,1,0
923,17,1,2,2,2,1,9,1,0,1,0
924,16,1,2,4,4,1,11,1,0,1,0
925,17,5,5,3,3,1,9,0,1,1,0
926,17,3,3,1,1,2,10,0,1,0,1
927,16,1,4,2,1,2,8,0,1,0,1
928,16,1,1,2,1,2,16,1,0,0,1
929,16,2,5,4,4,1,12,0,1,1,0
930,15,1,3,1,2,2,10,0,1,1,0
931,15,2,3,2,2,4,14,0,1,1,0
932,15,1,2,2,1,1,12,0,1,1,0
933,16,2,2,2,2,3,11,1,0,0,1
934,16,2,2,4,1,2,10,1,0,1,0
935,17,2,2,3,2,1,11,1,0,0,1
936,17,1,1,2,2,2,11,1,0,1,0
937,16,1,4,4,4,3,12,1,0,0,1
938,17,1,3,4,4,1,8,0,1,0,1
939,17,3,3,1,3,1,12,0,1,0,1
940,17,3,4,3,4,2,8,0,1,0,1
941,17,1,1,4,4,2,16,1,0,1,0
942,16,2,1,4,1,1,11,0,1,1,0
943,17,1,2,1,1,2,11,1,0,0,1
944,17,2,3,4,2,2,18,1,0,1,0
945,16,2,2,2,2,2,13,0,1,0,1
946,17,2,2,3,2,2,13,0,1,1,0
947,19,3,4,1,1,2,10,0,1,1,0
948,17,1,1,1,0,1,12,0,1,0,1
949,17,2,2,1,1,1,10,1,0,0,1
950,16,1,1,1,2,3,13,1,0,0,1
951,16,2,4,1,2,1,11,0,1,1,0
952,17,1,1,3,1,2,10,1,0,0,1
953,17,3,5,2,2,1,10,0,1,0,1
954,18,1,1,1,0,1,13,0,1,1,0
955,17,1,3,1,1,1,10,0,1,0,1
956,18,1,4,1,1,2,10,0,1,1,0
957,16,1,1,2,2,2,12,1,0,0,1
958,17,2,3,2,2,1,0,0,1,0,1
959,16,2,3,3,2,1,10,0,1,1,0
960,16,2,4,1,1,1,9,0,1,1,0
961,18,2,3,1,1,1,9,0,1,0,1
962,18,2,2,3,2,1,0,0,1,1,0
963,19,1,1,3,2,1,9,0,1,1,0
964,18,1,3,3,3,2,8,0,1,1,0
965,16,2,4,2,2,1,8,0,1,0,1
966,19,1,3,2,1,1,9,0,1,0,1
967,16,1,1,3,2,2,7,1,0,0,1
968,17,1,2,1,1,1,10,1,0,1,0
969,20,2,4,1,1,1,10,0,1,0,1
970,18,3,4,4,3,1,10,1,0,1,0
971,18,5,5,3,2,1,11,0,1,1,0
972,19,3,3,1,1,2,11,0,1,1,0
973,17,2,3,3,3,2,10,0,1,1,0
974,18,2,3,1,3,1,9,0,1,0,1
975,19,3,3,1,1,1,10,0,1,1,0
976,18,1,1,1,2,2,8,1,0,1,0
977,19,1,1,1,1,1,7,1,0,1,0
978,18,1,1,2,2,1,0,1,0,0,1
979,17,1,1,0,0,1,11,1,0,1,0
980,17,2,2,3,1,3,8,1,0,1,0
981,17,1,3,4,2,2,0,1,0,1,0
982,18,1,2,2,2,2,8,1,0,1,0
983,17,1,1,4,1,1,9,1,0,0,1
984,17,1,1,1,2,1,10,1,0,1,0
985,18,2,2,1,1,2,7,1,0,0,1
986,18,1,1,2,2,2,14,1,0,1,0
987,17,1,1,3,3,1,13,1,0,1,0
988,18,1,2,1,2,2,14,1,0,1,0
989,18,1,2,4,4,2,18,1,0,1,0
990,18,1,1,4,4,1,17,0,1,1,0
991,17,1,2,4,2,2,18,1,0,1,0
992,18,1,1,2,2,2,0,1,0,0,1
993,18,5,5,1,2,1,11,0,1,1,0
994,18,1,1,4,4,1,14,0,1,0,1
995,17,3,4,1,1,1,14,0,1,1,0
996,18,1,1,2,2,2,10,1,0,0,1
997,18,1,4,2,2,3,13,1,0,0,1
998,18,1,1,4,2,2,0,1,0,0,1
999,18,1,2,1,1,2,10,1,0,1,0
1000,19,2,3,1,1,1,0,1,0,1,0
1001,17,3,1,4,2,4,18,1,0,0,1
1002,17,1,2,2,1,2,12,1,0,0,1
1003,18,1,2,1,1,2,11,1,0,0,1
1004,18,1,1,1,2,2,12,1,0,1,0
1005,19,1,4,1,1,2,0,1,0,0,1
1006,18,1,1,2,2,3,15,1,0,0,1
1007,17,1,3,4,3,2,11,0,1,0,1
1008,18,1,1,3,3,2,10,1,0,0,1
1009,17,1,2,4,4,2,12,1,0,1,0
1010,17,1,2,3,2,2,15,1,0,0,1
1011,18,1,2,1,1,1,14,0,1,0,1
1012,18,1,1,1,1,3,18,1,0,1,0
1013,18,1,4,1,2,2,15,1,0,0,1
1014,18,1,3,3,3,2,13,1,0,0,1
1015,17,1,1,4,4,2,15,1,0,0,1
1016,17,1,2,1,2,2,13,1,0,1,0
1017,18,2,4,1,3,2,9,0,1,1,0
1018,18,2,2,4,4,3,16,0,1,0,1
1019,17,1,2,1,1,1,9,1,0,0,1
1020,18,1,2,2,3,1,10,1,0,0,1
1021,18,4,2,4,4,2,0,1,0,0,1
1022,18,2,3,1,2,1,10,0,1,0,1
1023,17,1,1,2,2,3,12,1,0,0,1
1024,17,1,3,1,2,1,9,1,0,1,0
1025,18,1,1,4,4,3,17,1,0,1,0
1026,18,1,2,1,1,3,12,1,0,1,0
1027,19,1,1,1,1,2,9,1,0,0,1
1028,18,3,4,4,4,2,14,1,0,1,0
1029,18,1,2,3,3,2,16,1,0,0,1
1030,17,2,3,3,1,2,9,1,0,1,0
1031,18,1,4,4,4,2,19,0,1,1,0
1032,18,1,3,2,1,1,0,0,1,0,1
1033,17,1,1,2,3,2,16,0,1,1,0
1034,19,1,3,1,1,1,0,0,1,1,0
1035,18,4,3,4,2,1,0,0,1,1,0
1036,18,1,3,2,2,3,15,1,0,1,0
1037,17,1,1,4,3,2,11,1,0,1,0
1038,18,2,2,4,4,1,10,1,0,0,1
1039,19,1,2,2,3,3,10,1,0,1,0
1040,18,1,1,3,1,2,16,1,0,1,0
1041,18,1,1,1,1,2,9,1,0,1,0
1042,17,3,4,3,1,1,10,0,1,1,0
1043,18,3,4,3,2,1,11,0,1,1,0
